Datetime;Resolution code;Elia Grid Load
2019-01-15T23:45:00+01:00;PT15M;9100.73
2019-01-15T23:30:00+01:00;PT15M;9479.93
2019-01-15T23:15:00+01:00;PT15M;9645.24
2019-01-15T23:00:00+01:00;PT15M;9691.24
2019-01-15T22:45:00+01:00;PT15M;9717.09
2019-01-15T22:30:00+01:00;PT15M;9840.3
2019-01-15T22:15:00+01:00;PT15M;9822.17
2019-01-15T22:00:00+01:00;PT15M;9667.03
2019-01-15T21:45:00+01:00;PT15M;9531.32
2019-01-15T21:30:00+01:00;PT15M;9650.72
2019-01-15T21:15:00+01:00;PT15M;9719.07
2019-01-15T21:00:00+01:00;PT15M;9887.26
2019-01-15T20:45:00+01:00;PT15M;10029.85
2019-01-15T20:30:00+01:00;PT15M;10289.9
2019-01-15T20:15:00+01:00;PT15M;10447.67
2019-01-15T20:00:00+01:00;PT15M;10583.75
2019-01-15T19:45:00+01:00;PT15M;10635.73
2019-01-15T19:30:00+01:00;PT15M;10764.18
2019-01-15T19:15:00+01:00;PT15M;11018.9
2019-01-15T19:00:00+01:00;PT15M;11129.76
2019-01-15T18:45:00+01:00;PT15M;11255.94
2019-01-15T18:30:00+01:00;PT15M;11385.51
2019-01-15T18:15:00+01:00;PT15M;11343.56
2019-01-15T18:00:00+01:00;PT15M;11456.54
2019-01-15T17:45:00+01:00;PT15M;11514.17
2019-01-15T17:30:00+01:00;PT15M;11413.18
2019-01-15T17:15:00+01:00;PT15M;11238.53
2019-01-15T17:00:00+01:00;PT15M;10977.83
2019-01-15T16:45:00+01:00;PT15M;10833.38
2019-01-15T16:30:00+01:00;PT15M;10760.86
2019-01-15T16:15:00+01:00;PT15M;10727.35
2019-01-15T16:00:00+01:00;PT15M;10690.54
2019-01-15T15:45:00+01:00;PT15M;10643.24
2019-01-15T15:30:00+01:00;PT15M;10601.85
2019-01-15T15:15:00+01:00;PT15M;10595.1
2019-01-15T15:00:00+01:00;PT15M;10697.79
2019-01-15T14:45:00+01:00;PT15M;10658.28
2019-01-15T14:30:00+01:00;PT15M;10667.85
2019-01-15T14:15:00+01:00;PT15M;10647.97
2019-01-15T14:00:00+01:00;PT15M;10600.84
2019-01-15T13:45:00+01:00;PT15M;10617.89
2019-01-15T13:30:00+01:00;PT15M;10654.52
2019-01-15T13:15:00+01:00;PT15M;10677.41
2019-01-15T13:00:00+01:00;PT15M;10664.59
2019-01-15T12:45:00+01:00;PT15M;10527.31
2019-01-15T12:30:00+01:00;PT15M;10455.13
2019-01-15T12:15:00+01:00;PT15M;10350.94
2019-01-15T12:00:00+01:00;PT15M;10405.75
2019-01-15T11:45:00+01:00;PT15M;10593.21
2019-01-15T11:30:00+01:00;PT15M;10606.25
2019-01-15T11:15:00+01:00;PT15M;10549.16
2019-01-15T11:00:00+01:00;PT15M;10543.33
2019-01-15T10:45:00+01:00;PT15M;10601.16
2019-01-15T10:30:00+01:00;PT15M;10507.63
2019-01-15T10:15:00+01:00;PT15M;10548.3
2019-01-15T10:00:00+01:00;PT15M;10756.66
2019-01-15T09:45:00+01:00;PT15M;10861.32
2019-01-15T09:30:00+01:00;PT15M;10945.21
2019-01-15T09:15:00+01:00;PT15M;10985.56
2019-01-15T09:00:00+01:00;PT15M;10909.61
2019-01-15T08:45:00+01:00;PT15M;10947.49
2019-01-15T08:30:00+01:00;PT15M;11054.28
2019-01-15T08:15:00+01:00;PT15M;11140.98
2019-01-15T08:00:00+01:00;PT15M;11099.51
2019-01-15T07:45:00+01:00;PT15M;11073.5
2019-01-15T07:30:00+01:00;PT15M;10885.45
2019-01-15T07:15:00+01:00;PT15M;10667.17
2019-01-15T07:00:00+01:00;PT15M;10441.03
2019-01-15T06:45:00+01:00;PT15M;10294.88
2019-01-15T06:30:00+01:00;PT15M;10012.55
2019-01-15T06:15:00+01:00;PT15M;9686.14
2019-01-15T06:00:00+01:00;PT15M;9469.59
2019-01-15T05:45:00+01:00;PT15M;9025.28
2019-01-15T05:30:00+01:00;PT15M;8879.06
2019-01-15T05:15:00+01:00;PT15M;8679.95
2019-01-15T05:00:00+01:00;PT15M;8596.35
2019-01-15T04:45:00+01:00;PT15M;8518.37
2019-01-15T04:30:00+01:00;PT15M;8447.08
2019-01-15T04:15:00+01:00;PT15M;8375.98
2019-01-15T04:00:00+01:00;PT15M;8420.73
2019-01-15T03:45:00+01:00;PT15M;8374.34
2019-01-15T03:30:00+01:00;PT15M;8390.81
2019-01-15T03:15:00+01:00;PT15M;8509.66
2019-01-15T03:00:00+01:00;PT15M;8487.51
2019-01-15T02:45:00+01:00;PT15M;8517.7
2019-01-15T02:30:00+01:00;PT15M;8564.59
2019-01-15T02:15:00+01:00;PT15M;8588.68
2019-01-15T02:00:00+01:00;PT15M;8614.63
2019-01-15T01:45:00+01:00;PT15M;8826.22
2019-01-15T01:30:00+01:00;PT15M;8952.7
2019-01-15T01:15:00+01:00;PT15M;8904.24
2019-01-15T01:00:00+01:00;PT15M;9093.68
2019-01-15T00:45:00+01:00;PT15M;9201.16
2019-01-15T00:30:00+01:00;PT15M;9294.33
2019-01-15T00:15:00+01:00;PT15M;9632.65
2019-01-15T00:00:00+01:00;PT15M;9704.99
2019-01-14T23:45:00+01:00;PT15M;9816.44
2019-01-14T23:30:00+01:00;PT15M;10039.7
2019-01-14T23:15:00+01:00;PT15M;10125.65
2019-01-14T23:00:00+01:00;PT15M;10298.51
2019-01-14T22:45:00+01:00;PT15M;10220.5
2019-01-14T22:30:00+01:00;PT15M;10331.65
2019-01-14T22:15:00+01:00;PT15M;10306.6
2019-01-14T22:00:00+01:00;PT15M;10178.82
2019-01-14T21:45:00+01:00;PT15M;10003.44
2019-01-14T21:30:00+01:00;PT15M;10258.41
2019-01-14T21:15:00+01:00;PT15M;10333.44
2019-01-14T21:00:00+01:00;PT15M;10408.77
2019-01-14T20:45:00+01:00;PT15M;10559.69
2019-01-14T20:30:00+01:00;PT15M;10721.92
2019-01-14T20:15:00+01:00;PT15M;10894.78
2019-01-14T20:00:00+01:00;PT15M;10985.94
2019-01-14T19:45:00+01:00;PT15M;11045.33
2019-01-14T19:30:00+01:00;PT15M;11240.08
2019-01-14T19:15:00+01:00;PT15M;11345.58
2019-01-14T19:00:00+01:00;PT15M;11477.29
2019-01-14T18:45:00+01:00;PT15M;11613.58
2019-01-14T18:30:00+01:00;PT15M;11695.96
2019-01-14T18:15:00+01:00;PT15M;11788.58
2019-01-14T18:00:00+01:00;PT15M;11886.05
2019-01-14T17:45:00+01:00;PT15M;11966.21
2019-01-14T17:30:00+01:00;PT15M;11796.96
2019-01-14T17:15:00+01:00;PT15M;11472.62
2019-01-14T17:00:00+01:00;PT15M;11129.22
2019-01-14T16:45:00+01:00;PT15M;10967.92
2019-01-14T16:30:00+01:00;PT15M;10784.01
2019-01-14T16:15:00+01:00;PT15M;10704.71
2019-01-14T16:00:00+01:00;PT15M;10543.4
2019-01-14T15:45:00+01:00;PT15M;10365.29
2019-01-14T15:30:00+01:00;PT15M;10239.06
2019-01-14T15:15:00+01:00;PT15M;10148.48
2019-01-14T15:00:00+01:00;PT15M;10144.9
2019-01-14T14:45:00+01:00;PT15M;10033.41
2019-01-14T14:30:00+01:00;PT15M;9955.53
2019-01-14T14:15:00+01:00;PT15M;9948.77
2019-01-14T14:00:00+01:00;PT15M;9901.48
2019-01-14T13:45:00+01:00;PT15M;9916.58
2019-01-14T13:30:00+01:00;PT15M;9881.99
2019-01-14T13:15:00+01:00;PT15M;9865.02
2019-01-14T13:00:00+01:00;PT15M;9971.58
2019-01-14T12:45:00+01:00;PT15M;9954.48
2019-01-14T12:30:00+01:00;PT15M;9938.18
2019-01-14T12:15:00+01:00;PT15M;9990.55
2019-01-14T12:00:00+01:00;PT15M;10132.98
2019-01-14T11:45:00+01:00;PT15M;10303.18
2019-01-14T11:30:00+01:00;PT15M;10433.09
2019-01-14T11:15:00+01:00;PT15M;10485.22
2019-01-14T11:00:00+01:00;PT15M;10618.93
2019-01-14T10:45:00+01:00;PT15M;10676.67
2019-01-14T10:30:00+01:00;PT15M;10737.67
2019-01-14T10:15:00+01:00;PT15M;10657.02
2019-01-14T10:00:00+01:00;PT15M;10683.81
2019-01-14T09:45:00+01:00;PT15M;10717.7
2019-01-14T09:30:00+01:00;PT15M;10686.14
2019-01-14T09:15:00+01:00;PT15M;10687.39
2019-01-14T09:00:00+01:00;PT15M;10730.93
2019-01-14T08:45:00+01:00;PT15M;10675.19
2019-01-14T08:30:00+01:00;PT15M;10642.25
2019-01-14T08:15:00+01:00;PT15M;10674.37
2019-01-14T08:00:00+01:00;PT15M;10520.99
2019-01-14T07:45:00+01:00;PT15M;10360.18
2019-01-14T07:30:00+01:00;PT15M;10288.19
2019-01-14T07:15:00+01:00;PT15M;10058.72
2019-01-14T07:00:00+01:00;PT15M;9912.72
2019-01-14T06:45:00+01:00;PT15M;9699.35
2019-01-14T06:30:00+01:00;PT15M;9327.17
2019-01-14T06:15:00+01:00;PT15M;9013.33
2019-01-14T06:00:00+01:00;PT15M;8779.26
2019-01-14T05:45:00+01:00;PT15M;8363.53
2019-01-14T05:30:00+01:00;PT15M;8160.88
2019-01-14T05:15:00+01:00;PT15M;7971.08
2019-01-14T05:00:00+01:00;PT15M;7741.49
2019-01-14T04:45:00+01:00;PT15M;7630.71
2019-01-14T04:30:00+01:00;PT15M;7578.17
2019-01-14T04:15:00+01:00;PT15M;7529.1
2019-01-14T04:00:00+01:00;PT15M;7437.0
2019-01-14T03:45:00+01:00;PT15M;7431.0
2019-01-14T03:30:00+01:00;PT15M;7337.08
2019-01-14T03:15:00+01:00;PT15M;7371.74
2019-01-14T03:00:00+01:00;PT15M;7413.19
2019-01-14T02:45:00+01:00;PT15M;7430.71
2019-01-14T02:30:00+01:00;PT15M;7448.1
2019-01-14T02:15:00+01:00;PT15M;7526.04
2019-01-14T02:00:00+01:00;PT15M;7498.72
2019-01-14T01:45:00+01:00;PT15M;7569.54
2019-01-14T01:30:00+01:00;PT15M;7749.67
2019-01-14T01:15:00+01:00;PT15M;7746.7
2019-01-14T01:00:00+01:00;PT15M;7875.59
2019-01-14T00:45:00+01:00;PT15M;7881.74
2019-01-14T00:30:00+01:00;PT15M;7972.59
2019-01-14T00:15:00+01:00;PT15M;8149.15
2019-01-14T00:00:00+01:00;PT15M;8274.3
2019-01-13T23:45:00+01:00;PT15M;8269.3
2019-01-13T23:30:00+01:00;PT15M;8507.75
2019-01-13T23:15:00+01:00;PT15M;8609.87
2019-01-13T23:00:00+01:00;PT15M;8660.82
2019-01-13T22:45:00+01:00;PT15M;8666.54
2019-01-13T22:30:00+01:00;PT15M;8606.74
2019-01-13T22:15:00+01:00;PT15M;8624.05
2019-01-13T22:00:00+01:00;PT15M;8462.1
2019-01-13T21:45:00+01:00;PT15M;8359.02
2019-01-13T21:30:00+01:00;PT15M;8521.2
2019-01-13T21:15:00+01:00;PT15M;8596.12
2019-01-13T21:00:00+01:00;PT15M;8656.27
2019-01-13T20:45:00+01:00;PT15M;8733.5
2019-01-13T20:30:00+01:00;PT15M;8961.92
2019-01-13T20:15:00+01:00;PT15M;8948.76
2019-01-13T20:00:00+01:00;PT15M;9126.77
2019-01-13T19:45:00+01:00;PT15M;9241.69
2019-01-13T19:30:00+01:00;PT15M;9322.6
2019-01-13T19:15:00+01:00;PT15M;9321.99
2019-01-13T19:00:00+01:00;PT15M;9323.23
2019-01-13T18:45:00+01:00;PT15M;9301.09
2019-01-13T18:30:00+01:00;PT15M;9353.01
2019-01-13T18:15:00+01:00;PT15M;9393.0
2019-01-13T18:00:00+01:00;PT15M;9410.59
2019-01-13T17:45:00+01:00;PT15M;9352.86
2019-01-13T17:30:00+01:00;PT15M;9266.7
2019-01-13T17:15:00+01:00;PT15M;9198.15
2019-01-13T17:00:00+01:00;PT15M;9011.95
2019-01-13T16:45:00+01:00;PT15M;8775.06
2019-01-13T16:30:00+01:00;PT15M;8675.03
2019-01-13T16:15:00+01:00;PT15M;8627.37
2019-01-13T16:00:00+01:00;PT15M;8640.66
2019-01-13T15:45:00+01:00;PT15M;8549.02
2019-01-13T15:30:00+01:00;PT15M;8556.29
2019-01-13T15:15:00+01:00;PT15M;8541.87
2019-01-13T15:00:00+01:00;PT15M;8591.94
2019-01-13T14:45:00+01:00;PT15M;8537.58
2019-01-13T14:30:00+01:00;PT15M;8645.56
2019-01-13T14:15:00+01:00;PT15M;8687.24
2019-01-13T14:00:00+01:00;PT15M;8803.95
2019-01-13T13:45:00+01:00;PT15M;8824.17
2019-01-13T13:30:00+01:00;PT15M;8877.49
2019-01-13T13:15:00+01:00;PT15M;8913.55
2019-01-13T13:00:00+01:00;PT15M;9107.29
2019-01-13T12:45:00+01:00;PT15M;9075.25
2019-01-13T12:30:00+01:00;PT15M;9074.83
2019-01-13T12:15:00+01:00;PT15M;9098.0
2019-01-13T12:00:00+01:00;PT15M;9104.76
2019-01-13T11:45:00+01:00;PT15M;8971.51
2019-01-13T11:30:00+01:00;PT15M;8906.75
2019-01-13T11:15:00+01:00;PT15M;8823.73
2019-01-13T11:00:00+01:00;PT15M;8694.54
2019-01-13T10:45:00+01:00;PT15M;8664.41
2019-01-13T10:30:00+01:00;PT15M;8671.41
2019-01-13T10:15:00+01:00;PT15M;8700.11
2019-01-13T10:00:00+01:00;PT15M;8530.68
2019-01-13T09:45:00+01:00;PT15M;8405.39
2019-01-13T09:30:00+01:00;PT15M;8375.15
2019-01-13T09:15:00+01:00;PT15M;8199.61
2019-01-13T09:00:00+01:00;PT15M;8108.75
2019-01-13T08:45:00+01:00;PT15M;7890.69
2019-01-13T08:30:00+01:00;PT15M;7946.71
2019-01-13T08:15:00+01:00;PT15M;7910.61
2019-01-13T08:00:00+01:00;PT15M;7745.9
2019-01-13T07:45:00+01:00;PT15M;7646.51
2019-01-13T07:30:00+01:00;PT15M;7505.26
2019-01-13T07:15:00+01:00;PT15M;7463.91
2019-01-13T07:00:00+01:00;PT15M;7464.79
2019-01-13T06:45:00+01:00;PT15M;7440.36
2019-01-13T06:30:00+01:00;PT15M;7432.77
2019-01-13T06:15:00+01:00;PT15M;7380.42
2019-01-13T06:00:00+01:00;PT15M;7471.41
2019-01-13T05:45:00+01:00;PT15M;7369.11
2019-01-13T05:30:00+01:00;PT15M;7350.08
2019-01-13T05:15:00+01:00;PT15M;7435.19
2019-01-13T05:00:00+01:00;PT15M;7448.97
2019-01-13T04:45:00+01:00;PT15M;7433.82
2019-01-13T04:30:00+01:00;PT15M;7289.05
2019-01-13T04:15:00+01:00;PT15M;7451.19
2019-01-13T04:00:00+01:00;PT15M;7355.78
2019-01-13T03:45:00+01:00;PT15M;7469.87
2019-01-13T03:30:00+01:00;PT15M;7425.14
2019-01-13T03:15:00+01:00;PT15M;7534.86
2019-01-13T03:00:00+01:00;PT15M;7542.97
2019-01-13T02:45:00+01:00;PT15M;7665.27
2019-01-13T02:30:00+01:00;PT15M;7612.43
2019-01-13T02:15:00+01:00;PT15M;7751.91
2019-01-13T02:00:00+01:00;PT15M;7836.54
2019-01-13T01:45:00+01:00;PT15M;7857.08
2019-01-13T01:30:00+01:00;PT15M;7953.9
2019-01-13T01:15:00+01:00;PT15M;8088.92
2019-01-13T01:00:00+01:00;PT15M;8209.88
2019-01-13T00:45:00+01:00;PT15M;8188.55
2019-01-13T00:30:00+01:00;PT15M;8352.63
2019-01-13T00:15:00+01:00;PT15M;8561.56
2019-01-13T00:00:00+01:00;PT15M;8723.85
2019-01-12T23:45:00+01:00;PT15M;8804.51
2019-01-12T23:30:00+01:00;PT15M;8861.23
2019-01-12T23:15:00+01:00;PT15M;8953.43
2019-01-12T23:00:00+01:00;PT15M;9202.41
2019-01-12T22:45:00+01:00;PT15M;8928.27
2019-01-12T22:30:00+01:00;PT15M;8982.6
2019-01-12T22:15:00+01:00;PT15M;8952.51
2019-01-12T22:00:00+01:00;PT15M;8865.54
2019-01-12T21:45:00+01:00;PT15M;8750.82
2019-01-12T21:30:00+01:00;PT15M;8822.68
2019-01-12T21:15:00+01:00;PT15M;8884.38
2019-01-12T21:00:00+01:00;PT15M;8968.88
2019-01-12T20:45:00+01:00;PT15M;9063.65
2019-01-12T20:30:00+01:00;PT15M;9182.74
2019-01-12T20:15:00+01:00;PT15M;9311.37
2019-01-12T20:00:00+01:00;PT15M;9294.2
2019-01-12T19:45:00+01:00;PT15M;9431.68
2019-01-12T19:30:00+01:00;PT15M;9512.76
2019-01-12T19:15:00+01:00;PT15M;9526.43
2019-01-12T19:00:00+01:00;PT15M;9719.1
2019-01-12T18:45:00+01:00;PT15M;9807.1
2019-01-12T18:30:00+01:00;PT15M;9966.9
2019-01-12T18:15:00+01:00;PT15M;9977.89
2019-01-12T18:00:00+01:00;PT15M;9958.64
2019-01-12T17:45:00+01:00;PT15M;9998.1
2019-01-12T17:30:00+01:00;PT15M;9934.0
2019-01-12T17:15:00+01:00;PT15M;9827.85
2019-01-12T17:00:00+01:00;PT15M;9558.06
2019-01-12T16:45:00+01:00;PT15M;9537.65
2019-01-12T16:30:00+01:00;PT15M;9351.96
2019-01-12T16:15:00+01:00;PT15M;9339.88
2019-01-12T16:00:00+01:00;PT15M;9345.24
2019-01-12T15:45:00+01:00;PT15M;9243.53
2019-01-12T15:30:00+01:00;PT15M;9236.47
2019-01-12T15:15:00+01:00;PT15M;9193.2
2019-01-12T15:00:00+01:00;PT15M;9336.62
2019-01-12T14:45:00+01:00;PT15M;9263.24
2019-01-12T14:30:00+01:00;PT15M;9341.8
2019-01-12T14:15:00+01:00;PT15M;9324.12
2019-01-12T14:00:00+01:00;PT15M;9342.94
2019-01-12T13:45:00+01:00;PT15M;9406.44
2019-01-12T13:30:00+01:00;PT15M;9454.13
2019-01-12T13:15:00+01:00;PT15M;9541.52
2019-01-12T13:00:00+01:00;PT15M;9609.12
2019-01-12T12:45:00+01:00;PT15M;9626.23
2019-01-12T12:30:00+01:00;PT15M;9575.04
2019-01-12T12:15:00+01:00;PT15M;9665.41
2019-01-12T12:00:00+01:00;PT15M;9748.69
2019-01-12T11:45:00+01:00;PT15M;9753.23
2019-01-12T11:30:00+01:00;PT15M;9656.28
2019-01-12T11:15:00+01:00;PT15M;9596.06
2019-01-12T11:00:00+01:00;PT15M;9598.36
2019-01-12T10:45:00+01:00;PT15M;9542.19
2019-01-12T10:30:00+01:00;PT15M;9502.93
2019-01-12T10:15:00+01:00;PT15M;9454.7
2019-01-12T10:00:00+01:00;PT15M;9458.35
2019-01-12T09:45:00+01:00;PT15M;9402.97
2019-01-12T09:30:00+01:00;PT15M;9410.69
2019-01-12T09:15:00+01:00;PT15M;9245.97
2019-01-12T09:00:00+01:00;PT15M;9197.15
2019-01-12T08:45:00+01:00;PT15M;9091.18
2019-01-12T08:30:00+01:00;PT15M;9133.82
2019-01-12T08:15:00+01:00;PT15M;9033.6
2019-01-12T08:00:00+01:00;PT15M;8892.28
2019-01-12T07:45:00+01:00;PT15M;8720.57
2019-01-12T07:30:00+01:00;PT15M;8587.34
2019-01-12T07:15:00+01:00;PT15M;8475.95
2019-01-12T07:00:00+01:00;PT15M;8450.13
2019-01-12T06:45:00+01:00;PT15M;8464.55
2019-01-12T06:30:00+01:00;PT15M;8309.42
2019-01-12T06:15:00+01:00;PT15M;8316.46
2019-01-12T06:00:00+01:00;PT15M;8121.52
2019-01-12T05:45:00+01:00;PT15M;8105.97
2019-01-12T05:30:00+01:00;PT15M;8054.88
2019-01-12T05:15:00+01:00;PT15M;8105.39
2019-01-12T05:00:00+01:00;PT15M;8003.34
2019-01-12T04:45:00+01:00;PT15M;7934.82
2019-01-12T04:30:00+01:00;PT15M;8043.76
2019-01-12T04:15:00+01:00;PT15M;8034.68
2019-01-12T04:00:00+01:00;PT15M;8036.32
2019-01-12T03:45:00+01:00;PT15M;8110.3
2019-01-12T03:30:00+01:00;PT15M;8147.35
2019-01-12T03:15:00+01:00;PT15M;8254.53
2019-01-12T03:00:00+01:00;PT15M;8262.33
2019-01-12T02:45:00+01:00;PT15M;8362.67
2019-01-12T02:30:00+01:00;PT15M;8377.07
2019-01-12T02:15:00+01:00;PT15M;8510.9
2019-01-12T02:00:00+01:00;PT15M;8523.35
2019-01-12T01:45:00+01:00;PT15M;8640.08
2019-01-12T01:30:00+01:00;PT15M;8781.14
2019-01-12T01:15:00+01:00;PT15M;8978.76
2019-01-12T01:00:00+01:00;PT15M;9045.43
2019-01-12T00:45:00+01:00;PT15M;9243.07
2019-01-12T00:30:00+01:00;PT15M;9278.8
2019-01-12T00:15:00+01:00;PT15M;9440.17
2019-01-12T00:00:00+01:00;PT15M;9438.28
2019-01-11T23:45:00+01:00;PT15M;9612.53
2019-01-11T23:30:00+01:00;PT15M;9805.41
2019-01-11T23:15:00+01:00;PT15M;9903.62
2019-01-11T23:00:00+01:00;PT15M;10048.17
2019-01-11T22:45:00+01:00;PT15M;9972.14
2019-01-11T22:30:00+01:00;PT15M;10060.98
2019-01-11T22:15:00+01:00;PT15M;9969.15
2019-01-11T22:00:00+01:00;PT15M;9788.4
2019-01-11T21:45:00+01:00;PT15M;9615.29
2019-01-11T21:30:00+01:00;PT15M;9765.34
2019-01-11T21:15:00+01:00;PT15M;9777.65
2019-01-11T21:00:00+01:00;PT15M;9862.93
2019-01-11T20:45:00+01:00;PT15M;10022.26
2019-01-11T20:30:00+01:00;PT15M;10252.99
2019-01-11T20:15:00+01:00;PT15M;10444.5
2019-01-11T20:00:00+01:00;PT15M;10525.67
2019-01-11T19:45:00+01:00;PT15M;10554.28
2019-01-11T19:30:00+01:00;PT15M;10664.31
2019-01-11T19:15:00+01:00;PT15M;10889.51
2019-01-11T19:00:00+01:00;PT15M;11040.16
2019-01-11T18:45:00+01:00;PT15M;11144.09
2019-01-11T18:30:00+01:00;PT15M;11299.15
2019-01-11T18:15:00+01:00;PT15M;11273.74
2019-01-11T18:00:00+01:00;PT15M;11394.14
2019-01-11T17:45:00+01:00;PT15M;11596.11
2019-01-11T17:30:00+01:00;PT15M;11571.2
2019-01-11T17:15:00+01:00;PT15M;11360.1
2019-01-11T17:00:00+01:00;PT15M;11177.2
2019-01-11T16:45:00+01:00;PT15M;10934.94
2019-01-11T16:30:00+01:00;PT15M;10788.08
2019-01-11T16:15:00+01:00;PT15M;10791.47
2019-01-11T16:00:00+01:00;PT15M;10839.39
2019-01-11T15:45:00+01:00;PT15M;10758.03
2019-01-11T15:30:00+01:00;PT15M;10783.7
2019-01-11T15:15:00+01:00;PT15M;10777.81
2019-01-11T15:00:00+01:00;PT15M;10816.5
2019-01-11T14:45:00+01:00;PT15M;10867.24
2019-01-11T14:30:00+01:00;PT15M;10842.16
2019-01-11T14:15:00+01:00;PT15M;10950.33
2019-01-11T14:00:00+01:00;PT15M;10900.74
2019-01-11T13:45:00+01:00;PT15M;10943.69
2019-01-11T13:30:00+01:00;PT15M;11164.28
2019-01-11T13:15:00+01:00;PT15M;11311.84
2019-01-11T13:00:00+01:00;PT15M;11401.19
2019-01-11T12:45:00+01:00;PT15M;11334.37
2019-01-11T12:30:00+01:00;PT15M;11356.02
2019-01-11T12:15:00+01:00;PT15M;11253.15
2019-01-11T12:00:00+01:00;PT15M;11418.2
2019-01-11T11:45:00+01:00;PT15M;11575.32
2019-01-11T11:30:00+01:00;PT15M;11614.13
2019-01-11T11:15:00+01:00;PT15M;11589.5
2019-01-11T11:00:00+01:00;PT15M;11574.98
2019-01-11T10:45:00+01:00;PT15M;11581.9
2019-01-11T10:30:00+01:00;PT15M;11609.38
2019-01-11T10:15:00+01:00;PT15M;11524.69
2019-01-11T10:00:00+01:00;PT15M;11604.76
2019-01-11T09:45:00+01:00;PT15M;11692.6
2019-01-11T09:30:00+01:00;PT15M;11810.24
2019-01-11T09:15:00+01:00;PT15M;11794.01
2019-01-11T09:00:00+01:00;PT15M;11757.63
2019-01-11T08:45:00+01:00;PT15M;11706.25
2019-01-11T08:30:00+01:00;PT15M;11721.13
2019-01-11T08:15:00+01:00;PT15M;11709.75
2019-01-11T08:00:00+01:00;PT15M;11608.65
2019-01-11T07:45:00+01:00;PT15M;11545.46
2019-01-11T07:30:00+01:00;PT15M;11485.77
2019-01-11T07:15:00+01:00;PT15M;11255.43
2019-01-11T07:00:00+01:00;PT15M;11059.87
2019-01-11T06:45:00+01:00;PT15M;10744.74
2019-01-11T06:30:00+01:00;PT15M;10500.16
2019-01-11T06:15:00+01:00;PT15M;10250.93
2019-01-11T06:00:00+01:00;PT15M;10016.71
2019-01-11T05:45:00+01:00;PT15M;9565.27
2019-01-11T05:30:00+01:00;PT15M;9294.66
2019-01-11T05:15:00+01:00;PT15M;9169.68
2019-01-11T05:00:00+01:00;PT15M;9017.17
2019-01-11T04:45:00+01:00;PT15M;9001.54
2019-01-11T04:30:00+01:00;PT15M;8937.41
2019-01-11T04:15:00+01:00;PT15M;8985.97
2019-01-11T04:00:00+01:00;PT15M;8881.87
2019-01-11T03:45:00+01:00;PT15M;8886.59
2019-01-11T03:30:00+01:00;PT15M;8849.94
2019-01-11T03:15:00+01:00;PT15M;8883.41
2019-01-11T03:00:00+01:00;PT15M;9011.49
2019-01-11T02:45:00+01:00;PT15M;9083.32
2019-01-11T02:30:00+01:00;PT15M;9127.11
2019-01-11T02:15:00+01:00;PT15M;9182.66
2019-01-11T02:00:00+01:00;PT15M;9164.89
2019-01-11T01:45:00+01:00;PT15M;9218.69
2019-01-11T01:30:00+01:00;PT15M;9428.69
2019-01-11T01:15:00+01:00;PT15M;9467.99
2019-01-11T01:00:00+01:00;PT15M;9579.33
2019-01-11T00:45:00+01:00;PT15M;9663.39
2019-01-11T00:30:00+01:00;PT15M;9857.25
2019-01-11T00:15:00+01:00;PT15M;10018.28
2019-01-11T00:00:00+01:00;PT15M;10060.64
2019-01-10T23:45:00+01:00;PT15M;10236.15
2019-01-10T23:30:00+01:00;PT15M;10264.03
2019-01-10T23:15:00+01:00;PT15M;10598.65
2019-01-10T23:00:00+01:00;PT15M;10783.45
2019-01-10T22:45:00+01:00;PT15M;10625.55
2019-01-10T22:30:00+01:00;PT15M;10748.85
2019-01-10T22:15:00+01:00;PT15M;10650.91
2019-01-10T22:00:00+01:00;PT15M;10504.47
2019-01-10T21:45:00+01:00;PT15M;10442.46
2019-01-10T21:30:00+01:00;PT15M;10589.0
2019-01-10T21:15:00+01:00;PT15M;10784.5
2019-01-10T21:00:00+01:00;PT15M;10930.39
2019-01-10T20:45:00+01:00;PT15M;10934.02
2019-01-10T20:30:00+01:00;PT15M;11114.29
2019-01-10T20:15:00+01:00;PT15M;11272.28
2019-01-10T20:00:00+01:00;PT15M;11434.52
2019-01-10T19:45:00+01:00;PT15M;11576.76
2019-01-10T19:30:00+01:00;PT15M;11630.33
2019-01-10T19:15:00+01:00;PT15M;11763.33
2019-01-10T19:00:00+01:00;PT15M;11945.82
2019-01-10T18:45:00+01:00;PT15M;12151.75
2019-01-10T18:30:00+01:00;PT15M;12156.93
2019-01-10T18:15:00+01:00;PT15M;12209.71
2019-01-10T18:00:00+01:00;PT15M;12333.42
2019-01-10T17:45:00+01:00;PT15M;12430.61
2019-01-10T17:30:00+01:00;PT15M;12281.76
2019-01-10T17:15:00+01:00;PT15M;12102.75
2019-01-10T17:00:00+01:00;PT15M;11941.2
2019-01-10T16:45:00+01:00;PT15M;11713.44
2019-01-10T16:30:00+01:00;PT15M;11663.3
2019-01-10T16:15:00+01:00;PT15M;11532.22
2019-01-10T16:00:00+01:00;PT15M;11517.32
2019-01-10T15:45:00+01:00;PT15M;11538.39
2019-01-10T15:30:00+01:00;PT15M;11458.3
2019-01-10T15:15:00+01:00;PT15M;11335.05
2019-01-10T15:00:00+01:00;PT15M;11448.28
2019-01-10T14:45:00+01:00;PT15M;11390.98
2019-01-10T14:30:00+01:00;PT15M;11341.3
2019-01-10T14:15:00+01:00;PT15M;11395.74
2019-01-10T14:00:00+01:00;PT15M;11393.95
2019-01-10T13:45:00+01:00;PT15M;11406.43
2019-01-10T13:30:00+01:00;PT15M;11440.36
2019-01-10T13:15:00+01:00;PT15M;11386.69
2019-01-10T13:00:00+01:00;PT15M;11401.06
2019-01-10T12:45:00+01:00;PT15M;11448.03
2019-01-10T12:30:00+01:00;PT15M;11378.47
2019-01-10T12:15:00+01:00;PT15M;11479.11
2019-01-10T12:00:00+01:00;PT15M;11503.72
2019-01-10T11:45:00+01:00;PT15M;11729.27
2019-01-10T11:30:00+01:00;PT15M;11767.0
2019-01-10T11:15:00+01:00;PT15M;11768.49
2019-01-10T11:00:00+01:00;PT15M;11816.74
2019-01-10T10:45:00+01:00;PT15M;11695.44
2019-01-10T10:30:00+01:00;PT15M;11692.08
2019-01-10T10:15:00+01:00;PT15M;11679.59
2019-01-10T10:00:00+01:00;PT15M;11717.3
2019-01-10T09:45:00+01:00;PT15M;11722.41
2019-01-10T09:30:00+01:00;PT15M;11771.98
2019-01-10T09:15:00+01:00;PT15M;11794.03
2019-01-10T09:00:00+01:00;PT15M;11775.73
2019-01-10T08:45:00+01:00;PT15M;11755.91
2019-01-10T08:30:00+01:00;PT15M;11708.7
2019-01-10T08:15:00+01:00;PT15M;11731.42
2019-01-10T08:00:00+01:00;PT15M;11679.2
2019-01-10T07:45:00+01:00;PT15M;11483.61
2019-01-10T07:30:00+01:00;PT15M;11436.62
2019-01-10T07:15:00+01:00;PT15M;11200.2
2019-01-10T07:00:00+01:00;PT15M;11002.0
2019-01-10T06:45:00+01:00;PT15M;10697.15
2019-01-10T06:30:00+01:00;PT15M;10511.53
2019-01-10T06:15:00+01:00;PT15M;10135.62
2019-01-10T06:00:00+01:00;PT15M;9851.21
2019-01-10T05:45:00+01:00;PT15M;9471.5
2019-01-10T05:30:00+01:00;PT15M;9211.92
2019-01-10T05:15:00+01:00;PT15M;9030.88
2019-01-10T05:00:00+01:00;PT15M;8951.3
2019-01-10T04:45:00+01:00;PT15M;8783.51
2019-01-10T04:30:00+01:00;PT15M;8758.65
2019-01-10T04:15:00+01:00;PT15M;8651.26
2019-01-10T04:00:00+01:00;PT15M;8677.82
2019-01-10T03:45:00+01:00;PT15M;8637.43
2019-01-10T03:30:00+01:00;PT15M;8635.59
2019-01-10T03:15:00+01:00;PT15M;8644.6
2019-01-10T03:00:00+01:00;PT15M;8593.46
2019-01-10T02:45:00+01:00;PT15M;8731.4
2019-01-10T02:30:00+01:00;PT15M;8783.55
2019-01-10T02:15:00+01:00;PT15M;8744.97
2019-01-10T02:00:00+01:00;PT15M;8951.31
2019-01-10T01:45:00+01:00;PT15M;8954.01
2019-01-10T01:30:00+01:00;PT15M;9010.81
2019-01-10T01:15:00+01:00;PT15M;9105.51
2019-01-10T01:00:00+01:00;PT15M;9193.77
2019-01-10T00:45:00+01:00;PT15M;9265.47
2019-01-10T00:30:00+01:00;PT15M;9468.1
2019-01-10T00:15:00+01:00;PT15M;9582.8
2019-01-10T00:00:00+01:00;PT15M;9646.48
2019-01-09T23:45:00+01:00;PT15M;9706.85
2019-01-09T23:30:00+01:00;PT15M;9874.27
2019-01-09T23:15:00+01:00;PT15M;10146.94
2019-01-09T23:00:00+01:00;PT15M;10338.12
2019-01-09T22:45:00+01:00;PT15M;10196.47
2019-01-09T22:30:00+01:00;PT15M;10305.51
2019-01-09T22:15:00+01:00;PT15M;10219.63
2019-01-09T22:00:00+01:00;PT15M;10105.98
2019-01-09T21:45:00+01:00;PT15M;10002.24
2019-01-09T21:30:00+01:00;PT15M;10163.49
2019-01-09T21:15:00+01:00;PT15M;10292.54
2019-01-09T21:00:00+01:00;PT15M;10388.88
2019-01-09T20:45:00+01:00;PT15M;10496.88
2019-01-09T20:30:00+01:00;PT15M;10614.02
2019-01-09T20:15:00+01:00;PT15M;10722.23
2019-01-09T20:00:00+01:00;PT15M;10843.6
2019-01-09T19:45:00+01:00;PT15M;10925.95
2019-01-09T19:30:00+01:00;PT15M;11023.9
2019-01-09T19:15:00+01:00;PT15M;11136.27
2019-01-09T19:00:00+01:00;PT15M;11251.4
2019-01-09T18:45:00+01:00;PT15M;11372.5
2019-01-09T18:30:00+01:00;PT15M;11492.98
2019-01-09T18:15:00+01:00;PT15M;11540.4
2019-01-09T18:00:00+01:00;PT15M;11679.81
2019-01-09T17:45:00+01:00;PT15M;11738.43
2019-01-09T17:30:00+01:00;PT15M;11587.16
2019-01-09T17:15:00+01:00;PT15M;11240.69
2019-01-09T17:00:00+01:00;PT15M;10945.91
2019-01-09T16:45:00+01:00;PT15M;10723.06
2019-01-09T16:30:00+01:00;PT15M;10529.49
2019-01-09T16:15:00+01:00;PT15M;10434.93
2019-01-09T16:00:00+01:00;PT15M;10327.85
2019-01-09T15:45:00+01:00;PT15M;10312.76
2019-01-09T15:30:00+01:00;PT15M;10337.54
2019-01-09T15:15:00+01:00;PT15M;10283.09
2019-01-09T15:00:00+01:00;PT15M;10238.65
2019-01-09T14:45:00+01:00;PT15M;10075.57
2019-01-09T14:30:00+01:00;PT15M;10017.47
2019-01-09T14:15:00+01:00;PT15M;9889.87
2019-01-09T14:00:00+01:00;PT15M;9885.8
2019-01-09T13:45:00+01:00;PT15M;9992.35
2019-01-09T13:30:00+01:00;PT15M;10006.99
2019-01-09T13:15:00+01:00;PT15M;10038.4
2019-01-09T13:00:00+01:00;PT15M;10019.48
2019-01-09T12:45:00+01:00;PT15M;9995.96
2019-01-09T12:30:00+01:00;PT15M;9951.3
2019-01-09T12:15:00+01:00;PT15M;10037.55
2019-01-09T12:00:00+01:00;PT15M;10191.36
2019-01-09T11:45:00+01:00;PT15M;10424.83
2019-01-09T11:30:00+01:00;PT15M;10518.87
2019-01-09T11:15:00+01:00;PT15M;10542.73
2019-01-09T11:00:00+01:00;PT15M;10673.96
2019-01-09T10:45:00+01:00;PT15M;10773.54
2019-01-09T10:30:00+01:00;PT15M;10885.6
2019-01-09T10:15:00+01:00;PT15M;10931.17
2019-01-09T10:00:00+01:00;PT15M;11030.7
2019-01-09T09:45:00+01:00;PT15M;11033.77
2019-01-09T09:30:00+01:00;PT15M;11165.5
2019-01-09T09:15:00+01:00;PT15M;11091.92
2019-01-09T09:00:00+01:00;PT15M;11013.53
2019-01-09T08:45:00+01:00;PT15M;11032.59
2019-01-09T08:30:00+01:00;PT15M;11107.55
2019-01-09T08:15:00+01:00;PT15M;11051.08
2019-01-09T08:00:00+01:00;PT15M;10921.73
2019-01-09T07:45:00+01:00;PT15M;10822.65
2019-01-09T07:30:00+01:00;PT15M;10806.44
2019-01-09T07:15:00+01:00;PT15M;10587.57
2019-01-09T07:00:00+01:00;PT15M;10453.55
2019-01-09T06:45:00+01:00;PT15M;10142.21
2019-01-09T06:30:00+01:00;PT15M;9898.94
2019-01-09T06:15:00+01:00;PT15M;9631.95
2019-01-09T06:00:00+01:00;PT15M;9299.61
2019-01-09T05:45:00+01:00;PT15M;8981.56
2019-01-09T05:30:00+01:00;PT15M;8822.71
2019-01-09T05:15:00+01:00;PT15M;8651.08
2019-01-09T05:00:00+01:00;PT15M;8508.6
2019-01-09T04:45:00+01:00;PT15M;8283.21
2019-01-09T04:30:00+01:00;PT15M;8221.17
2019-01-09T04:15:00+01:00;PT15M;8143.02
2019-01-09T04:00:00+01:00;PT15M;8166.62
2019-01-09T03:45:00+01:00;PT15M;8238.09
2019-01-09T03:30:00+01:00;PT15M;8278.55
2019-01-09T03:15:00+01:00;PT15M;8177.43
2019-01-09T03:00:00+01:00;PT15M;8159.82
2019-01-09T02:45:00+01:00;PT15M;8189.32
2019-01-09T02:30:00+01:00;PT15M;8296.1
2019-01-09T02:15:00+01:00;PT15M;8345.27
2019-01-09T02:00:00+01:00;PT15M;8376.56
2019-01-09T01:45:00+01:00;PT15M;8521.77
2019-01-09T01:30:00+01:00;PT15M;8581.01
2019-01-09T01:15:00+01:00;PT15M;8646.51
2019-01-09T01:00:00+01:00;PT15M;8700.03
2019-01-09T00:45:00+01:00;PT15M;8818.22
2019-01-09T00:30:00+01:00;PT15M;9042.91
2019-01-09T00:15:00+01:00;PT15M;9166.81
2019-01-09T00:00:00+01:00;PT15M;9250.57
2019-01-08T23:45:00+01:00;PT15M;9330.47
2019-01-08T23:30:00+01:00;PT15M;9561.12
2019-01-08T23:15:00+01:00;PT15M;9712.58
2019-01-08T23:00:00+01:00;PT15M;9825.85
2019-01-08T22:45:00+01:00;PT15M;9730.12
2019-01-08T22:30:00+01:00;PT15M;9806.67
2019-01-08T22:15:00+01:00;PT15M;9923.22
2019-01-08T22:00:00+01:00;PT15M;9744.48
2019-01-08T21:45:00+01:00;PT15M;9496.12
2019-01-08T21:30:00+01:00;PT15M;9568.81
2019-01-08T21:15:00+01:00;PT15M;9723.96
2019-01-08T21:00:00+01:00;PT15M;9891.11
2019-01-08T20:45:00+01:00;PT15M;10043.95
2019-01-08T20:30:00+01:00;PT15M;10114.56
2019-01-08T20:15:00+01:00;PT15M;10368.78
2019-01-08T20:00:00+01:00;PT15M;10512.04
2019-01-08T19:45:00+01:00;PT15M;10616.35
2019-01-08T19:30:00+01:00;PT15M;10721.02
2019-01-08T19:15:00+01:00;PT15M;10722.63
2019-01-08T19:00:00+01:00;PT15M;10906.78
2019-01-08T18:45:00+01:00;PT15M;11019.54
2019-01-08T18:30:00+01:00;PT15M;11156.79
2019-01-08T18:15:00+01:00;PT15M;11160.42
2019-01-08T18:00:00+01:00;PT15M;11278.94
2019-01-08T17:45:00+01:00;PT15M;11255.73
2019-01-08T17:30:00+01:00;PT15M;11188.05
2019-01-08T17:15:00+01:00;PT15M;10944.94
2019-01-08T17:00:00+01:00;PT15M;10700.05
2019-01-08T16:45:00+01:00;PT15M;10524.96
2019-01-08T16:30:00+01:00;PT15M;10314.85
2019-01-08T16:15:00+01:00;PT15M;10311.25
2019-01-08T16:00:00+01:00;PT15M;10258.2
2019-01-08T15:45:00+01:00;PT15M;10178.94
2019-01-08T15:30:00+01:00;PT15M;10144.04
2019-01-08T15:15:00+01:00;PT15M;10136.16
2019-01-08T15:00:00+01:00;PT15M;10037.18
2019-01-08T14:45:00+01:00;PT15M;10105.71
2019-01-08T14:30:00+01:00;PT15M;10055.18
2019-01-08T14:15:00+01:00;PT15M;10027.62
2019-01-08T14:00:00+01:00;PT15M;10049.21
2019-01-08T13:45:00+01:00;PT15M;10021.46
2019-01-08T13:30:00+01:00;PT15M;10068.18
2019-01-08T13:15:00+01:00;PT15M;9984.98
2019-01-08T13:00:00+01:00;PT15M;9976.38
2019-01-08T12:45:00+01:00;PT15M;9908.93
2019-01-08T12:30:00+01:00;PT15M;9890.31
2019-01-08T12:15:00+01:00;PT15M;9802.27
2019-01-08T12:00:00+01:00;PT15M;9963.45
2019-01-08T11:45:00+01:00;PT15M;10214.17
2019-01-08T11:30:00+01:00;PT15M;10240.64
2019-01-08T11:15:00+01:00;PT15M;10250.6
2019-01-08T11:00:00+01:00;PT15M;10339.75
2019-01-08T10:45:00+01:00;PT15M;10316.71
2019-01-08T10:30:00+01:00;PT15M;10407.35
2019-01-08T10:15:00+01:00;PT15M;10483.64
2019-01-08T10:00:00+01:00;PT15M;10376.59
2019-01-08T09:45:00+01:00;PT15M;10528.9
2019-01-08T09:30:00+01:00;PT15M;10562.1
2019-01-08T09:15:00+01:00;PT15M;10556.93
2019-01-08T09:00:00+01:00;PT15M;10598.83
2019-01-08T08:45:00+01:00;PT15M;10557.37
2019-01-08T08:30:00+01:00;PT15M;10656.59
2019-01-08T08:15:00+01:00;PT15M;10632.38
2019-01-08T08:00:00+01:00;PT15M;10536.31
2019-01-08T07:45:00+01:00;PT15M;10392.16
2019-01-08T07:30:00+01:00;PT15M;10484.57
2019-01-08T07:15:00+01:00;PT15M;10173.18
2019-01-08T07:00:00+01:00;PT15M;10028.53
2019-01-08T06:45:00+01:00;PT15M;9851.78
2019-01-08T06:30:00+01:00;PT15M;9672.85
2019-01-08T06:15:00+01:00;PT15M;9375.68
2019-01-08T06:00:00+01:00;PT15M;9101.71
2019-01-08T05:45:00+01:00;PT15M;8742.48
2019-01-08T05:30:00+01:00;PT15M;8454.85
2019-01-08T05:15:00+01:00;PT15M;8432.91
2019-01-08T05:00:00+01:00;PT15M;8238.81
2019-01-08T04:45:00+01:00;PT15M;8121.35
2019-01-08T04:30:00+01:00;PT15M;7949.82
2019-01-08T04:15:00+01:00;PT15M;7954.25
2019-01-08T04:00:00+01:00;PT15M;7951.83
2019-01-08T03:45:00+01:00;PT15M;7833.33
2019-01-08T03:30:00+01:00;PT15M;7823.84
2019-01-08T03:15:00+01:00;PT15M;7833.23
2019-01-08T03:00:00+01:00;PT15M;7827.51
2019-01-08T02:45:00+01:00;PT15M;7886.76
2019-01-08T02:30:00+01:00;PT15M;7956.51
2019-01-08T02:15:00+01:00;PT15M;7893.82
2019-01-08T02:00:00+01:00;PT15M;8021.46
2019-01-08T01:45:00+01:00;PT15M;8046.12
2019-01-08T01:30:00+01:00;PT15M;8180.87
2019-01-08T01:15:00+01:00;PT15M;8275.79
2019-01-08T01:00:00+01:00;PT15M;8393.87
2019-01-08T00:45:00+01:00;PT15M;8526.12
2019-01-08T00:30:00+01:00;PT15M;8605.74
2019-01-08T00:15:00+01:00;PT15M;8822.61
2019-01-08T00:00:00+01:00;PT15M;8853.55
2019-01-07T23:45:00+01:00;PT15M;9009.27
2019-01-07T23:30:00+01:00;PT15M;9270.73
2019-01-07T23:15:00+01:00;PT15M;9376.07
2019-01-07T23:00:00+01:00;PT15M;9457.64
2019-01-07T22:45:00+01:00;PT15M;9442.29
2019-01-07T22:30:00+01:00;PT15M;9571.92
2019-01-07T22:15:00+01:00;PT15M;9376.37
2019-01-07T22:00:00+01:00;PT15M;9344.1
2019-01-07T21:45:00+01:00;PT15M;9185.58
2019-01-07T21:30:00+01:00;PT15M;9462.74
2019-01-07T21:15:00+01:00;PT15M;9612.76
2019-01-07T21:00:00+01:00;PT15M;9699.94
2019-01-07T20:45:00+01:00;PT15M;9780.03
2019-01-07T20:30:00+01:00;PT15M;10039.52
2019-01-07T20:15:00+01:00;PT15M;10232.78
2019-01-07T20:00:00+01:00;PT15M;10337.68
2019-01-07T19:45:00+01:00;PT15M;10397.95
2019-01-07T19:30:00+01:00;PT15M;10589.87
2019-01-07T19:15:00+01:00;PT15M;10681.3
2019-01-07T19:00:00+01:00;PT15M;10984.16
2019-01-07T18:45:00+01:00;PT15M;11119.34
2019-01-07T18:30:00+01:00;PT15M;11192.65
2019-01-07T18:15:00+01:00;PT15M;11308.25
2019-01-07T18:00:00+01:00;PT15M;11477.4
2019-01-07T17:45:00+01:00;PT15M;11602.72
2019-01-07T17:30:00+01:00;PT15M;11493.78
2019-01-07T17:15:00+01:00;PT15M;11368.53
2019-01-07T17:00:00+01:00;PT15M;11228.38
2019-01-07T16:45:00+01:00;PT15M;11129.21
2019-01-07T16:30:00+01:00;PT15M;10949.81
2019-01-07T16:15:00+01:00;PT15M;10956.16
2019-01-07T16:00:00+01:00;PT15M;10870.62
2019-01-07T15:45:00+01:00;PT15M;10926.74
2019-01-07T15:30:00+01:00;PT15M;10912.54
2019-01-07T15:15:00+01:00;PT15M;10832.42
2019-01-07T15:00:00+01:00;PT15M;10889.4
2019-01-07T14:45:00+01:00;PT15M;10831.58
2019-01-07T14:30:00+01:00;PT15M;10951.77
2019-01-07T14:15:00+01:00;PT15M;10951.01
2019-01-07T14:00:00+01:00;PT15M;10977.83
2019-01-07T13:45:00+01:00;PT15M;10998.57
2019-01-07T13:30:00+01:00;PT15M;11126.37
2019-01-07T13:15:00+01:00;PT15M;11158.25
2019-01-07T13:00:00+01:00;PT15M;11121.08
2019-01-07T12:45:00+01:00;PT15M;11106.91
2019-01-07T12:30:00+01:00;PT15M;11114.89
2019-01-07T12:15:00+01:00;PT15M;11182.82
2019-01-07T12:00:00+01:00;PT15M;11286.39
2019-01-07T11:45:00+01:00;PT15M;11435.98
2019-01-07T11:30:00+01:00;PT15M;11433.86
2019-01-07T11:15:00+01:00;PT15M;11485.19
2019-01-07T11:00:00+01:00;PT15M;11458.72
2019-01-07T10:45:00+01:00;PT15M;11438.19
2019-01-07T10:30:00+01:00;PT15M;11392.04
2019-01-07T10:15:00+01:00;PT15M;11282.33
2019-01-07T10:00:00+01:00;PT15M;11338.47
2019-01-07T09:45:00+01:00;PT15M;11414.73
2019-01-07T09:30:00+01:00;PT15M;11444.17
2019-01-07T09:15:00+01:00;PT15M;11394.7
2019-01-07T09:00:00+01:00;PT15M;11393.41
2019-01-07T08:45:00+01:00;PT15M;11484.14
2019-01-07T08:30:00+01:00;PT15M;11562.77
2019-01-07T08:15:00+01:00;PT15M;11474.38
2019-01-07T08:00:00+01:00;PT15M;11377.74
2019-01-07T07:45:00+01:00;PT15M;11051.41
2019-01-07T07:30:00+01:00;PT15M;11018.17
2019-01-07T07:15:00+01:00;PT15M;10874.45
2019-01-07T07:00:00+01:00;PT15M;10625.12
2019-01-07T06:45:00+01:00;PT15M;10383.95
2019-01-07T06:30:00+01:00;PT15M;10092.28
2019-01-07T06:15:00+01:00;PT15M;9835.57
2019-01-07T06:00:00+01:00;PT15M;9412.48
2019-01-07T05:45:00+01:00;PT15M;9055.86
2019-01-07T05:30:00+01:00;PT15M;8792.33
2019-01-07T05:15:00+01:00;PT15M;8621.77
2019-01-07T05:00:00+01:00;PT15M;8569.87
2019-01-07T04:45:00+01:00;PT15M;8428.82
2019-01-07T04:30:00+01:00;PT15M;8214.96
2019-01-07T04:15:00+01:00;PT15M;8123.59
2019-01-07T04:00:00+01:00;PT15M;8095.9
2019-01-07T03:45:00+01:00;PT15M;8110.21
2019-01-07T03:30:00+01:00;PT15M;8093.55
2019-01-07T03:15:00+01:00;PT15M;8133.0
2019-01-07T03:00:00+01:00;PT15M;8114.02
2019-01-07T02:45:00+01:00;PT15M;8097.61
2019-01-07T02:30:00+01:00;PT15M;8154.7
2019-01-07T02:15:00+01:00;PT15M;8260.61
2019-01-07T02:00:00+01:00;PT15M;8365.53
2019-01-07T01:45:00+01:00;PT15M;8435.1
2019-01-07T01:30:00+01:00;PT15M;8436.34
2019-01-07T01:15:00+01:00;PT15M;8489.57
2019-01-07T01:00:00+01:00;PT15M;8640.13
2019-01-07T00:45:00+01:00;PT15M;8766.54
2019-01-07T00:30:00+01:00;PT15M;8815.71
2019-01-07T00:15:00+01:00;PT15M;8938.04
2019-01-07T00:00:00+01:00;PT15M;8996.48
2019-01-06T23:45:00+01:00;PT15M;9120.86
2019-01-06T23:30:00+01:00;PT15M;9217.97
2019-01-06T23:15:00+01:00;PT15M;9352.45
2019-01-06T23:00:00+01:00;PT15M;9472.81
2019-01-06T22:45:00+01:00;PT15M;9418.36
2019-01-06T22:30:00+01:00;PT15M;9435.79
2019-01-06T22:15:00+01:00;PT15M;9541.71
2019-01-06T22:00:00+01:00;PT15M;9337.95
2019-01-06T21:45:00+01:00;PT15M;9293.05
2019-01-06T21:30:00+01:00;PT15M;9331.03
2019-01-06T21:15:00+01:00;PT15M;9527.47
2019-01-06T21:00:00+01:00;PT15M;9681.33
2019-01-06T20:45:00+01:00;PT15M;9741.75
2019-01-06T20:30:00+01:00;PT15M;9792.23
2019-01-06T20:15:00+01:00;PT15M;9920.37
2019-01-06T20:00:00+01:00;PT15M;9999.2
2019-01-06T19:45:00+01:00;PT15M;10136.39
2019-01-06T19:30:00+01:00;PT15M;10248.73
2019-01-06T19:15:00+01:00;PT15M;10251.26
2019-01-06T19:00:00+01:00;PT15M;10264.36
2019-01-06T18:45:00+01:00;PT15M;10290.95
2019-01-06T18:30:00+01:00;PT15M;10325.97
2019-01-06T18:15:00+01:00;PT15M;10404.61
2019-01-06T18:00:00+01:00;PT15M;10325.6
2019-01-06T17:45:00+01:00;PT15M;10385.04
2019-01-06T17:30:00+01:00;PT15M;10319.25
2019-01-06T17:15:00+01:00;PT15M;10168.2
2019-01-06T17:00:00+01:00;PT15M;9843.5
2019-01-06T16:45:00+01:00;PT15M;9620.7
2019-01-06T16:30:00+01:00;PT15M;9588.39
2019-01-06T16:15:00+01:00;PT15M;9496.64
2019-01-06T16:00:00+01:00;PT15M;9554.89
2019-01-06T15:45:00+01:00;PT15M;9470.46
2019-01-06T15:30:00+01:00;PT15M;9477.69
2019-01-06T15:15:00+01:00;PT15M;9607.1
2019-01-06T15:00:00+01:00;PT15M;9595.65
2019-01-06T14:45:00+01:00;PT15M;9587.19
2019-01-06T14:30:00+01:00;PT15M;9520.08
2019-01-06T14:15:00+01:00;PT15M;9542.0
2019-01-06T14:00:00+01:00;PT15M;9624.33
2019-01-06T13:45:00+01:00;PT15M;9733.45
2019-01-06T13:30:00+01:00;PT15M;9805.95
2019-01-06T13:15:00+01:00;PT15M;9782.4
2019-01-06T13:00:00+01:00;PT15M;9802.81
2019-01-06T12:45:00+01:00;PT15M;9875.51
2019-01-06T12:30:00+01:00;PT15M;9884.59
2019-01-06T12:15:00+01:00;PT15M;9892.43
2019-01-06T12:00:00+01:00;PT15M;9857.1
2019-01-06T11:45:00+01:00;PT15M;9768.24
2019-01-06T11:30:00+01:00;PT15M;9715.71
2019-01-06T11:15:00+01:00;PT15M;9611.69
2019-01-06T11:00:00+01:00;PT15M;9520.55
2019-01-06T10:45:00+01:00;PT15M;9451.9
2019-01-06T10:30:00+01:00;PT15M;9559.14
2019-01-06T10:15:00+01:00;PT15M;9417.47
2019-01-06T10:00:00+01:00;PT15M;9359.15
2019-01-06T09:45:00+01:00;PT15M;9070.43
2019-01-06T09:30:00+01:00;PT15M;8875.63
2019-01-06T09:15:00+01:00;PT15M;8820.17
2019-01-06T09:00:00+01:00;PT15M;8666.98
2019-01-06T08:45:00+01:00;PT15M;8559.31
2019-01-06T08:30:00+01:00;PT15M;8488.18
2019-01-06T08:15:00+01:00;PT15M;8319.99
2019-01-06T08:00:00+01:00;PT15M;8224.57
2019-01-06T07:45:00+01:00;PT15M;8083.69
2019-01-06T07:30:00+01:00;PT15M;8047.59
2019-01-06T07:15:00+01:00;PT15M;7990.32
2019-01-06T07:00:00+01:00;PT15M;7925.9
2019-01-06T06:45:00+01:00;PT15M;7963.16
2019-01-06T06:30:00+01:00;PT15M;7976.73
2019-01-06T06:15:00+01:00;PT15M;7816.53
2019-01-06T06:00:00+01:00;PT15M;7855.59
2019-01-06T05:45:00+01:00;PT15M;7697.15
2019-01-06T05:30:00+01:00;PT15M;7717.26
2019-01-06T05:15:00+01:00;PT15M;7696.01
2019-01-06T05:00:00+01:00;PT15M;7694.17
2019-01-06T04:45:00+01:00;PT15M;7641.24
2019-01-06T04:30:00+01:00;PT15M;7680.95
2019-01-06T04:15:00+01:00;PT15M;7686.45
2019-01-06T04:00:00+01:00;PT15M;7656.86
2019-01-06T03:45:00+01:00;PT15M;7681.73
2019-01-06T03:30:00+01:00;PT15M;7702.25
2019-01-06T03:15:00+01:00;PT15M;7760.52
2019-01-06T03:00:00+01:00;PT15M;7783.17
2019-01-06T02:45:00+01:00;PT15M;7825.56
2019-01-06T02:30:00+01:00;PT15M;7914.55
2019-01-06T02:15:00+01:00;PT15M;8001.7
2019-01-06T02:00:00+01:00;PT15M;8089.44
2019-01-06T01:45:00+01:00;PT15M;8070.47
2019-01-06T01:30:00+01:00;PT15M;8133.34
2019-01-06T01:15:00+01:00;PT15M;8276.22
2019-01-06T01:00:00+01:00;PT15M;8372.03
2019-01-06T00:45:00+01:00;PT15M;8445.92
2019-01-06T00:30:00+01:00;PT15M;8612.14
2019-01-06T00:15:00+01:00;PT15M;8720.9
2019-01-06T00:00:00+01:00;PT15M;8860.4
2019-01-05T23:45:00+01:00;PT15M;8916.95
2019-01-05T23:30:00+01:00;PT15M;9102.81
2019-01-05T23:15:00+01:00;PT15M;9142.35
2019-01-05T23:00:00+01:00;PT15M;9209.58
2019-01-05T22:45:00+01:00;PT15M;9108.09
2019-01-05T22:30:00+01:00;PT15M;9123.75
2019-01-05T22:15:00+01:00;PT15M;9150.52
2019-01-05T22:00:00+01:00;PT15M;8977.85
2019-01-05T21:45:00+01:00;PT15M;8805.6
2019-01-05T21:30:00+01:00;PT15M;8852.49
2019-01-05T21:15:00+01:00;PT15M;8971.79
2019-01-05T21:00:00+01:00;PT15M;9072.49
2019-01-05T20:45:00+01:00;PT15M;9224.95
2019-01-05T20:30:00+01:00;PT15M;9363.56
2019-01-05T20:15:00+01:00;PT15M;9433.1
2019-01-05T20:00:00+01:00;PT15M;9457.42
2019-01-05T19:45:00+01:00;PT15M;9674.45
2019-01-05T19:30:00+01:00;PT15M;9853.82
2019-01-05T19:15:00+01:00;PT15M;9907.52
2019-01-05T19:00:00+01:00;PT15M;9934.61
2019-01-05T18:45:00+01:00;PT15M;10011.2
2019-01-05T18:30:00+01:00;PT15M;10085.68
2019-01-05T18:15:00+01:00;PT15M;10157.13
2019-01-05T18:00:00+01:00;PT15M;10272.31
2019-01-05T17:45:00+01:00;PT15M;10217.02
2019-01-05T17:30:00+01:00;PT15M;10158.86
2019-01-05T17:15:00+01:00;PT15M;10000.54
2019-01-05T17:00:00+01:00;PT15M;9903.64
2019-01-05T16:45:00+01:00;PT15M;9709.14
2019-01-05T16:30:00+01:00;PT15M;9645.52
2019-01-05T16:15:00+01:00;PT15M;9580.08
2019-01-05T16:00:00+01:00;PT15M;9541.98
2019-01-05T15:45:00+01:00;PT15M;9448.61
2019-01-05T15:30:00+01:00;PT15M;9463.69
2019-01-05T15:15:00+01:00;PT15M;9588.22
2019-01-05T15:00:00+01:00;PT15M;9505.5
2019-01-05T14:45:00+01:00;PT15M;9476.4
2019-01-05T14:30:00+01:00;PT15M;9448.38
2019-01-05T14:15:00+01:00;PT15M;9553.93
2019-01-05T14:00:00+01:00;PT15M;9611.31
2019-01-05T13:45:00+01:00;PT15M;9566.81
2019-01-05T13:30:00+01:00;PT15M;9684.66
2019-01-05T13:15:00+01:00;PT15M;9679.13
2019-01-05T13:00:00+01:00;PT15M;9749.88
2019-01-05T12:45:00+01:00;PT15M;9731.73
2019-01-05T12:30:00+01:00;PT15M;9793.98
2019-01-05T12:15:00+01:00;PT15M;9749.01
2019-01-05T12:00:00+01:00;PT15M;9834.65
2019-01-05T11:45:00+01:00;PT15M;9835.47
2019-01-05T11:30:00+01:00;PT15M;9840.26
2019-01-05T11:15:00+01:00;PT15M;9725.05
2019-01-05T11:00:00+01:00;PT15M;9745.23
2019-01-05T10:45:00+01:00;PT15M;9671.99
2019-01-05T10:30:00+01:00;PT15M;9718.58
2019-01-05T10:15:00+01:00;PT15M;9576.76
2019-01-05T10:00:00+01:00;PT15M;9473.66
2019-01-05T09:45:00+01:00;PT15M;9337.69
2019-01-05T09:30:00+01:00;PT15M;9357.31
2019-01-05T09:15:00+01:00;PT15M;9198.69
2019-01-05T09:00:00+01:00;PT15M;9086.71
2019-01-05T08:45:00+01:00;PT15M;8953.38
2019-01-05T08:30:00+01:00;PT15M;8724.46
2019-01-05T08:15:00+01:00;PT15M;8669.84
2019-01-05T08:00:00+01:00;PT15M;8450.98
2019-01-05T07:45:00+01:00;PT15M;8373.54
2019-01-05T07:30:00+01:00;PT15M;8271.25
2019-01-05T07:15:00+01:00;PT15M;8223.83
2019-01-05T07:00:00+01:00;PT15M;8121.79
2019-01-05T06:45:00+01:00;PT15M;8046.24
2019-01-05T06:30:00+01:00;PT15M;8038.69
2019-01-05T06:15:00+01:00;PT15M;8006.56
2019-01-05T06:00:00+01:00;PT15M;7946.69
2019-01-05T05:45:00+01:00;PT15M;7883.87
2019-01-05T05:30:00+01:00;PT15M;7926.75
2019-01-05T05:15:00+01:00;PT15M;7853.87
2019-01-05T05:00:00+01:00;PT15M;7890.48
2019-01-05T04:45:00+01:00;PT15M;7906.58
2019-01-05T04:30:00+01:00;PT15M;7845.4
2019-01-05T04:15:00+01:00;PT15M;7961.5
2019-01-05T04:00:00+01:00;PT15M;8047.16
2019-01-05T03:45:00+01:00;PT15M;8068.13
2019-01-05T03:30:00+01:00;PT15M;8105.34
2019-01-05T03:15:00+01:00;PT15M;8127.77
2019-01-05T03:00:00+01:00;PT15M;8162.85
2019-01-05T02:45:00+01:00;PT15M;8165.67
2019-01-05T02:30:00+01:00;PT15M;8252.07
2019-01-05T02:15:00+01:00;PT15M;8336.79
2019-01-05T02:00:00+01:00;PT15M;8435.66
2019-01-05T01:45:00+01:00;PT15M;8512.89
2019-01-05T01:30:00+01:00;PT15M;8640.18
2019-01-05T01:15:00+01:00;PT15M;8837.57
2019-01-05T01:00:00+01:00;PT15M;8911.65
2019-01-05T00:45:00+01:00;PT15M;9047.31
2019-01-05T00:30:00+01:00;PT15M;9227.98
2019-01-05T00:15:00+01:00;PT15M;9295.22
2019-01-05T00:00:00+01:00;PT15M;9450.47
2019-01-04T23:45:00+01:00;PT15M;9689.13
2019-01-04T23:30:00+01:00;PT15M;9760.7
2019-01-04T23:15:00+01:00;PT15M;9958.11
2019-01-04T23:00:00+01:00;PT15M;9921.15
2019-01-04T22:45:00+01:00;PT15M;9893.62
2019-01-04T22:30:00+01:00;PT15M;9977.5
2019-01-04T22:15:00+01:00;PT15M;9816.61
2019-01-04T22:00:00+01:00;PT15M;9728.52
2019-01-04T21:45:00+01:00;PT15M;9474.08
2019-01-04T21:30:00+01:00;PT15M;9623.56
2019-01-04T21:15:00+01:00;PT15M;9845.54
2019-01-04T21:00:00+01:00;PT15M;9875.96
2019-01-04T20:45:00+01:00;PT15M;9967.43
2019-01-04T20:30:00+01:00;PT15M;10083.81
2019-01-04T20:15:00+01:00;PT15M;10264.46
2019-01-04T20:00:00+01:00;PT15M;10425.94
2019-01-04T19:45:00+01:00;PT15M;10662.13
2019-01-04T19:30:00+01:00;PT15M;10707.35
2019-01-04T19:15:00+01:00;PT15M;10898.41
2019-01-04T19:00:00+01:00;PT15M;11058.63
2019-01-04T18:45:00+01:00;PT15M;11116.79
2019-01-04T18:30:00+01:00;PT15M;11279.0
2019-01-04T18:15:00+01:00;PT15M;11396.24
2019-01-04T18:00:00+01:00;PT15M;11400.51
2019-01-04T17:45:00+01:00;PT15M;11465.0
2019-01-04T17:30:00+01:00;PT15M;11393.69
2019-01-04T17:15:00+01:00;PT15M;11331.25
2019-01-04T17:00:00+01:00;PT15M;11241.02
2019-01-04T16:45:00+01:00;PT15M;11130.2
2019-01-04T16:30:00+01:00;PT15M;10942.46
2019-01-04T16:15:00+01:00;PT15M;10831.15
2019-01-04T16:00:00+01:00;PT15M;10820.98
2019-01-04T15:45:00+01:00;PT15M;10777.16
2019-01-04T15:30:00+01:00;PT15M;10776.63
2019-01-04T15:15:00+01:00;PT15M;10805.18
2019-01-04T15:00:00+01:00;PT15M;10777.62
2019-01-04T14:45:00+01:00;PT15M;10674.56
2019-01-04T14:30:00+01:00;PT15M;10728.76
2019-01-04T14:15:00+01:00;PT15M;10801.48
2019-01-04T14:00:00+01:00;PT15M;10875.68
2019-01-04T13:45:00+01:00;PT15M;10876.32
2019-01-04T13:30:00+01:00;PT15M;10908.06
2019-01-04T13:15:00+01:00;PT15M;10958.48
2019-01-04T13:00:00+01:00;PT15M;10971.96
2019-01-04T12:45:00+01:00;PT15M;11017.58
2019-01-04T12:30:00+01:00;PT15M;11016.08
2019-01-04T12:15:00+01:00;PT15M;10912.13
2019-01-04T12:00:00+01:00;PT15M;11032.06
2019-01-04T11:45:00+01:00;PT15M;11128.03
2019-01-04T11:30:00+01:00;PT15M;11130.68
2019-01-04T11:15:00+01:00;PT15M;11042.69
2019-01-04T11:00:00+01:00;PT15M;11017.56
2019-01-04T10:45:00+01:00;PT15M;10959.6
2019-01-04T10:30:00+01:00;PT15M;10948.32
2019-01-04T10:15:00+01:00;PT15M;11052.86
2019-01-04T10:00:00+01:00;PT15M;10979.92
2019-01-04T09:45:00+01:00;PT15M;11052.91
2019-01-04T09:30:00+01:00;PT15M;10983.29
2019-01-04T09:15:00+01:00;PT15M;10926.24
2019-01-04T09:00:00+01:00;PT15M;10982.71
2019-01-04T08:45:00+01:00;PT15M;10895.9
2019-01-04T08:30:00+01:00;PT15M;10894.94
2019-01-04T08:15:00+01:00;PT15M;10849.66
2019-01-04T08:00:00+01:00;PT15M;10587.64
2019-01-04T07:45:00+01:00;PT15M;10367.41
2019-01-04T07:30:00+01:00;PT15M;10286.81
2019-01-04T07:15:00+01:00;PT15M;10109.95
2019-01-04T07:00:00+01:00;PT15M;9951.07
2019-01-04T06:45:00+01:00;PT15M;9812.69
2019-01-04T06:30:00+01:00;PT15M;9628.68
2019-01-04T06:15:00+01:00;PT15M;9497.22
2019-01-04T06:00:00+01:00;PT15M;9324.67
2019-01-04T05:45:00+01:00;PT15M;9013.6
2019-01-04T05:30:00+01:00;PT15M;8813.99
2019-01-04T05:15:00+01:00;PT15M;8842.35
2019-01-04T05:00:00+01:00;PT15M;8707.69
2019-01-04T04:45:00+01:00;PT15M;8603.84
2019-01-04T04:30:00+01:00;PT15M;8603.07
2019-01-04T04:15:00+01:00;PT15M;8539.06
2019-01-04T04:00:00+01:00;PT15M;8552.33
2019-01-04T03:45:00+01:00;PT15M;8582.91
2019-01-04T03:30:00+01:00;PT15M;8512.72
2019-01-04T03:15:00+01:00;PT15M;8575.46
2019-01-04T03:00:00+01:00;PT15M;8665.78
2019-01-04T02:45:00+01:00;PT15M;8681.99
2019-01-04T02:30:00+01:00;PT15M;8725.27
2019-01-04T02:15:00+01:00;PT15M;8691.28
2019-01-04T02:00:00+01:00;PT15M;8842.25
2019-01-04T01:45:00+01:00;PT15M;8922.86
2019-01-04T01:30:00+01:00;PT15M;9015.94
2019-01-04T01:15:00+01:00;PT15M;9083.27
2019-01-04T01:00:00+01:00;PT15M;9258.15
2019-01-04T00:45:00+01:00;PT15M;9303.71
2019-01-04T00:30:00+01:00;PT15M;9480.5
2019-01-04T00:15:00+01:00;PT15M;9613.97
2019-01-04T00:00:00+01:00;PT15M;9772.08
2019-01-03T23:45:00+01:00;PT15M;9905.81
2019-01-03T23:30:00+01:00;PT15M;10090.93
2019-01-03T23:15:00+01:00;PT15M;10100.35
2019-01-03T23:00:00+01:00;PT15M;10294.28
2019-01-03T22:45:00+01:00;PT15M;10233.69
2019-01-03T22:30:00+01:00;PT15M;10299.52
2019-01-03T22:15:00+01:00;PT15M;10214.41
2019-01-03T22:00:00+01:00;PT15M;10010.96
2019-01-03T21:45:00+01:00;PT15M;9817.92
2019-01-03T21:30:00+01:00;PT15M;10003.92
2019-01-03T21:15:00+01:00;PT15M;10079.91
2019-01-03T21:00:00+01:00;PT15M;10205.98
2019-01-03T20:45:00+01:00;PT15M;10293.53
2019-01-03T20:30:00+01:00;PT15M;10405.42
2019-01-03T20:15:00+01:00;PT15M;10584.4
2019-01-03T20:00:00+01:00;PT15M;10749.33
2019-01-03T19:45:00+01:00;PT15M;10839.95
2019-01-03T19:30:00+01:00;PT15M;10964.72
2019-01-03T19:15:00+01:00;PT15M;11012.6
2019-01-03T19:00:00+01:00;PT15M;11183.42
2019-01-03T18:45:00+01:00;PT15M;11304.1
2019-01-03T18:30:00+01:00;PT15M;11418.27
2019-01-03T18:15:00+01:00;PT15M;11443.87
2019-01-03T18:00:00+01:00;PT15M;11578.77
2019-01-03T17:45:00+01:00;PT15M;11566.74
2019-01-03T17:30:00+01:00;PT15M;11495.46
2019-01-03T17:15:00+01:00;PT15M;11295.42
2019-01-03T17:00:00+01:00;PT15M;11219.07
2019-01-03T16:45:00+01:00;PT15M;11004.77
2019-01-03T16:30:00+01:00;PT15M;10799.36
2019-01-03T16:15:00+01:00;PT15M;10843.97
2019-01-03T16:00:00+01:00;PT15M;10712.05
2019-01-03T15:45:00+01:00;PT15M;10713.21
2019-01-03T15:30:00+01:00;PT15M;10655.8
2019-01-03T15:15:00+01:00;PT15M;10612.93
2019-01-03T15:00:00+01:00;PT15M;10586.62
2019-01-03T14:45:00+01:00;PT15M;10478.07
2019-01-03T14:30:00+01:00;PT15M;10456.22
2019-01-03T14:15:00+01:00;PT15M;10568.7
2019-01-03T14:00:00+01:00;PT15M;10497.86
2019-01-03T13:45:00+01:00;PT15M;10550.77
2019-01-03T13:30:00+01:00;PT15M;10597.79
2019-01-03T13:15:00+01:00;PT15M;10489.94
2019-01-03T13:00:00+01:00;PT15M;10603.62
2019-01-03T12:45:00+01:00;PT15M;10626.77
2019-01-03T12:30:00+01:00;PT15M;10644.94
2019-01-03T12:15:00+01:00;PT15M;10642.75
2019-01-03T12:00:00+01:00;PT15M;10782.34
2019-01-03T11:45:00+01:00;PT15M;10769.32
2019-01-03T11:30:00+01:00;PT15M;10806.47
2019-01-03T11:15:00+01:00;PT15M;10818.87
2019-01-03T11:00:00+01:00;PT15M;10811.81
2019-01-03T10:45:00+01:00;PT15M;10779.97
2019-01-03T10:30:00+01:00;PT15M;10777.13
2019-01-03T10:15:00+01:00;PT15M;10769.89
2019-01-03T10:00:00+01:00;PT15M;10740.79
2019-01-03T09:45:00+01:00;PT15M;10826.85
2019-01-03T09:30:00+01:00;PT15M;10762.24
2019-01-03T09:15:00+01:00;PT15M;10712.51
2019-01-03T09:00:00+01:00;PT15M;10713.13
2019-01-03T08:45:00+01:00;PT15M;10600.52
2019-01-03T08:30:00+01:00;PT15M;10617.24
2019-01-03T08:15:00+01:00;PT15M;10601.77
2019-01-03T08:00:00+01:00;PT15M;10420.75
2019-01-03T07:45:00+01:00;PT15M;10186.73
2019-01-03T07:30:00+01:00;PT15M;10044.49
2019-01-03T07:15:00+01:00;PT15M;9747.58
2019-01-03T07:00:00+01:00;PT15M;9631.41
2019-01-03T06:45:00+01:00;PT15M;9626.03
2019-01-03T06:30:00+01:00;PT15M;9463.23
2019-01-03T06:15:00+01:00;PT15M;9293.34
2019-01-03T06:00:00+01:00;PT15M;8992.31
2019-01-03T05:45:00+01:00;PT15M;8672.95
2019-01-03T05:30:00+01:00;PT15M;8632.59
2019-01-03T05:15:00+01:00;PT15M;8488.45
2019-01-03T05:00:00+01:00;PT15M;8377.11
2019-01-03T04:45:00+01:00;PT15M;8281.37
2019-01-03T04:30:00+01:00;PT15M;8191.84
2019-01-03T04:15:00+01:00;PT15M;8131.71
2019-01-03T04:00:00+01:00;PT15M;8211.98
2019-01-03T03:45:00+01:00;PT15M;8096.73
2019-01-03T03:30:00+01:00;PT15M;8116.76
2019-01-03T03:15:00+01:00;PT15M;8113.99
2019-01-03T03:00:00+01:00;PT15M;8122.38
2019-01-03T02:45:00+01:00;PT15M;8209.47
2019-01-03T02:30:00+01:00;PT15M;8336.72
2019-01-03T02:15:00+01:00;PT15M;8380.29
2019-01-03T02:00:00+01:00;PT15M;8442.71
2019-01-03T01:45:00+01:00;PT15M;8553.45
2019-01-03T01:30:00+01:00;PT15M;8545.83
2019-01-03T01:15:00+01:00;PT15M;8711.79
2019-01-03T01:00:00+01:00;PT15M;8843.97
2019-01-03T00:45:00+01:00;PT15M;8896.59
2019-01-03T00:30:00+01:00;PT15M;9031.15
2019-01-03T00:15:00+01:00;PT15M;9163.91
2019-01-03T00:00:00+01:00;PT15M;9296.35
2019-01-02T23:45:00+01:00;PT15M;9482.29
2019-01-02T23:30:00+01:00;PT15M;9571.76
2019-01-02T23:15:00+01:00;PT15M;9761.34
2019-01-02T23:00:00+01:00;PT15M;9932.1
2019-01-02T22:45:00+01:00;PT15M;9733.68
2019-01-02T22:30:00+01:00;PT15M;9816.09
2019-01-02T22:15:00+01:00;PT15M;9749.01
2019-01-02T22:00:00+01:00;PT15M;9578.61
2019-01-02T21:45:00+01:00;PT15M;9402.08
2019-01-02T21:30:00+01:00;PT15M;9389.39
2019-01-02T21:15:00+01:00;PT15M;9490.17
2019-01-02T21:00:00+01:00;PT15M;9654.51
2019-01-02T20:45:00+01:00;PT15M;9764.15
2019-01-02T20:30:00+01:00;PT15M;9880.41
2019-01-02T20:15:00+01:00;PT15M;9945.41
2019-01-02T20:00:00+01:00;PT15M;10098.36
2019-01-02T19:45:00+01:00;PT15M;10249.42
2019-01-02T19:30:00+01:00;PT15M;10433.15
2019-01-02T19:15:00+01:00;PT15M;10459.21
2019-01-02T19:00:00+01:00;PT15M;10549.66
2019-01-02T18:45:00+01:00;PT15M;10662.85
2019-01-02T18:30:00+01:00;PT15M;10748.4
2019-01-02T18:15:00+01:00;PT15M;10841.18
2019-01-02T18:00:00+01:00;PT15M;10883.36
2019-01-02T17:45:00+01:00;PT15M;10936.04
2019-01-02T17:30:00+01:00;PT15M;10822.53
2019-01-02T17:15:00+01:00;PT15M;10664.07
2019-01-02T17:00:00+01:00;PT15M;10515.21
2019-01-02T16:45:00+01:00;PT15M;10331.27
2019-01-02T16:30:00+01:00;PT15M;10113.93
2019-01-02T16:15:00+01:00;PT15M;9985.51
2019-01-02T16:00:00+01:00;PT15M;9903.6
2019-01-02T15:45:00+01:00;PT15M;9859.28
2019-01-02T15:30:00+01:00;PT15M;9875.72
2019-01-02T15:15:00+01:00;PT15M;9838.54
2019-01-02T15:00:00+01:00;PT15M;9754.79
2019-01-02T14:45:00+01:00;PT15M;9681.82
2019-01-02T14:30:00+01:00;PT15M;9713.67
2019-01-02T14:15:00+01:00;PT15M;9637.3
2019-01-02T14:00:00+01:00;PT15M;9617.27
2019-01-02T13:45:00+01:00;PT15M;9647.71
2019-01-02T13:30:00+01:00;PT15M;9665.34
2019-01-02T13:15:00+01:00;PT15M;9669.8
2019-01-02T13:00:00+01:00;PT15M;9708.36
2019-01-02T12:45:00+01:00;PT15M;9689.51
2019-01-02T12:30:00+01:00;PT15M;9724.93
2019-01-02T12:15:00+01:00;PT15M;9704.51
2019-01-02T12:00:00+01:00;PT15M;9701.81
2019-01-02T11:45:00+01:00;PT15M;9743.69
2019-01-02T11:30:00+01:00;PT15M;9695.53
2019-01-02T11:15:00+01:00;PT15M;9608.98
2019-01-02T11:00:00+01:00;PT15M;9563.4
2019-01-02T10:45:00+01:00;PT15M;9564.12
2019-01-02T10:30:00+01:00;PT15M;9477.77
2019-01-02T10:15:00+01:00;PT15M;9433.69
2019-01-02T10:00:00+01:00;PT15M;9407.55
2019-01-02T09:45:00+01:00;PT15M;9376.38
2019-01-02T09:30:00+01:00;PT15M;9328.79
2019-01-02T09:15:00+01:00;PT15M;9221.55
2019-01-02T09:00:00+01:00;PT15M;9164.4
2019-01-02T08:45:00+01:00;PT15M;9192.85
2019-01-02T08:30:00+01:00;PT15M;9209.79
2019-01-02T08:15:00+01:00;PT15M;9158.91
2019-01-02T08:00:00+01:00;PT15M;9036.65
2019-01-02T07:45:00+01:00;PT15M;8843.99
2019-01-02T07:30:00+01:00;PT15M;8675.74
2019-01-02T07:15:00+01:00;PT15M;8462.9
2019-01-02T07:00:00+01:00;PT15M;8331.94
2019-01-02T06:45:00+01:00;PT15M;8239.05
2019-01-02T06:30:00+01:00;PT15M;8147.88
2019-01-02T06:15:00+01:00;PT15M;8010.1
2019-01-02T06:00:00+01:00;PT15M;7813.72
2019-01-02T05:45:00+01:00;PT15M;7495.02
2019-01-02T05:30:00+01:00;PT15M;7346.62
2019-01-02T05:15:00+01:00;PT15M;7212.29
2019-01-02T05:00:00+01:00;PT15M;7137.7
2019-01-02T04:45:00+01:00;PT15M;7001.44
2019-01-02T04:30:00+01:00;PT15M;6940.49
2019-01-02T04:15:00+01:00;PT15M;6865.9
2019-01-02T04:00:00+01:00;PT15M;6870.82
2019-01-02T03:45:00+01:00;PT15M;6822.53
2019-01-02T03:30:00+01:00;PT15M;6823.01
2019-01-02T03:15:00+01:00;PT15M;6861.79
2019-01-02T03:00:00+01:00;PT15M;6907.35
2019-01-02T02:45:00+01:00;PT15M;6895.1
2019-01-02T02:30:00+01:00;PT15M;6940.32
2019-01-02T02:15:00+01:00;PT15M;7013.34
2019-01-02T02:00:00+01:00;PT15M;7074.95
2019-01-02T01:45:00+01:00;PT15M;7148.41
2019-01-02T01:30:00+01:00;PT15M;7211.96
2019-01-02T01:15:00+01:00;PT15M;7286.81
2019-01-02T01:00:00+01:00;PT15M;7384.07
2019-01-02T00:45:00+01:00;PT15M;7431.8
2019-01-02T00:30:00+01:00;PT15M;7639.04
2019-01-02T00:15:00+01:00;PT15M;7774.71
2019-01-02T00:00:00+01:00;PT15M;7867.35
2019-01-01T23:45:00+01:00;PT15M;7962.62
2019-01-01T23:30:00+01:00;PT15M;8105.77
2019-01-01T23:15:00+01:00;PT15M;8243.58
2019-01-01T23:00:00+01:00;PT15M;8324.56
2019-01-01T22:45:00+01:00;PT15M;8192.94
2019-01-01T22:30:00+01:00;PT15M;8260.98
2019-01-01T22:15:00+01:00;PT15M;8201.86
2019-01-01T22:00:00+01:00;PT15M;7972.99
2019-01-01T21:45:00+01:00;PT15M;7766.05
2019-01-01T21:30:00+01:00;PT15M;7810.43
2019-01-01T21:15:00+01:00;PT15M;7856.42
2019-01-01T21:00:00+01:00;PT15M;7815.81
2019-01-01T20:45:00+01:00;PT15M;7849.94
2019-01-01T20:30:00+01:00;PT15M;7970.62
2019-01-01T20:15:00+01:00;PT15M;8000.31
2019-01-01T20:00:00+01:00;PT15M;8027.52
2019-01-01T19:45:00+01:00;PT15M;8085.58
2019-01-01T19:30:00+01:00;PT15M;8152.51
2019-01-01T19:15:00+01:00;PT15M;8164.77
2019-01-01T19:00:00+01:00;PT15M;8199.06
2019-01-01T18:45:00+01:00;PT15M;8237.73
2019-01-01T18:30:00+01:00;PT15M;8289.14
2019-01-01T18:15:00+01:00;PT15M;8283.82
2019-01-01T18:00:00+01:00;PT15M;8289.39
2019-01-01T17:45:00+01:00;PT15M;8230.83
2019-01-01T17:30:00+01:00;PT15M;8210.35
2019-01-01T17:15:00+01:00;PT15M;8057.4
2019-01-01T17:00:00+01:00;PT15M;7931.57
2019-01-01T16:45:00+01:00;PT15M;7693.14
2019-01-01T16:30:00+01:00;PT15M;7599.17
2019-01-01T16:15:00+01:00;PT15M;7604.04
2019-01-01T16:00:00+01:00;PT15M;7564.8
2019-01-01T15:45:00+01:00;PT15M;7565.12
2019-01-01T15:30:00+01:00;PT15M;7607.0
2019-01-01T15:15:00+01:00;PT15M;7642.4
2019-01-01T15:00:00+01:00;PT15M;7674.24
2019-01-01T14:45:00+01:00;PT15M;7649.95
2019-01-01T14:30:00+01:00;PT15M;7672.36
2019-01-01T14:15:00+01:00;PT15M;7682.59
2019-01-01T14:00:00+01:00;PT15M;7734.22
2019-01-01T13:45:00+01:00;PT15M;7780.34
2019-01-01T13:30:00+01:00;PT15M;7796.4
2019-01-01T13:15:00+01:00;PT15M;7795.7
2019-01-01T13:00:00+01:00;PT15M;7775.33
2019-01-01T12:45:00+01:00;PT15M;7770.89
2019-01-01T12:30:00+01:00;PT15M;7745.92
2019-01-01T12:15:00+01:00;PT15M;7673.12
2019-01-01T12:00:00+01:00;PT15M;7665.69
2019-01-01T11:45:00+01:00;PT15M;7595.76
2019-01-01T11:30:00+01:00;PT15M;7570.71
2019-01-01T11:15:00+01:00;PT15M;7478.69
2019-01-01T11:00:00+01:00;PT15M;7415.16
2019-01-01T10:45:00+01:00;PT15M;7355.47
2019-01-01T10:30:00+01:00;PT15M;7263.41
2019-01-01T10:15:00+01:00;PT15M;7189.6
2019-01-01T10:00:00+01:00;PT15M;7120.41
2019-01-01T09:45:00+01:00;PT15M;7029.87
2019-01-01T09:30:00+01:00;PT15M;6982.91
2019-01-01T09:15:00+01:00;PT15M;6902.52
2019-01-01T09:00:00+01:00;PT15M;6825.14
2019-01-01T08:45:00+01:00;PT15M;6751.49
2019-01-01T08:30:00+01:00;PT15M;6847.02
2019-01-01T08:15:00+01:00;PT15M;6839.34
2019-01-01T08:00:00+01:00;PT15M;6795.66
2019-01-01T07:45:00+01:00;PT15M;6740.13
2019-01-01T07:30:00+01:00;PT15M;6768.78
2019-01-01T07:15:00+01:00;PT15M;6761.82
2019-01-01T07:00:00+01:00;PT15M;6785.46
2019-01-01T06:45:00+01:00;PT15M;6829.58
2019-01-01T06:30:00+01:00;PT15M;6869.54
2019-01-01T06:15:00+01:00;PT15M;6855.82
2019-01-01T06:00:00+01:00;PT15M;6815.77
2019-01-01T05:45:00+01:00;PT15M;6755.76
2019-01-01T05:30:00+01:00;PT15M;6743.82
2019-01-01T05:15:00+01:00;PT15M;6748.92
2019-01-01T05:00:00+01:00;PT15M;6745.39
2019-01-01T04:45:00+01:00;PT15M;6751.49
2019-01-01T04:30:00+01:00;PT15M;6755.01
2019-01-01T04:15:00+01:00;PT15M;6768.36
2019-01-01T04:00:00+01:00;PT15M;6798.36
2019-01-01T03:45:00+01:00;PT15M;6827.02
2019-01-01T03:30:00+01:00;PT15M;6889.19
2019-01-01T03:15:00+01:00;PT15M;6958.74
2019-01-01T03:00:00+01:00;PT15M;7042.67
2019-01-01T02:45:00+01:00;PT15M;7105.15
2019-01-01T02:30:00+01:00;PT15M;7207.15
2019-01-01T02:15:00+01:00;PT15M;7307.65
2019-01-01T02:00:00+01:00;PT15M;7389.85
2019-01-01T01:45:00+01:00;PT15M;7450.75
2019-01-01T01:30:00+01:00;PT15M;7585.96
2019-01-01T01:15:00+01:00;PT15M;7693.62
2019-01-01T01:00:00+01:00;PT15M;7843.09
2019-01-01T00:45:00+01:00;PT15M;7945.0
2019-01-01T00:30:00+01:00;PT15M;8084.29
2019-01-01T00:15:00+01:00;PT15M;8229.64
2019-01-01T00:00:00+01:00;PT15M;8312.95
